filename,width,height,class,xmin,ymin,xmax,ymax
high guy flickr1 plant.jpg,400,300,potted plant,50,134,195,227
high guy flickr1 plant.jpg,400,300,potted plant,213,124,361,226
Dominic Alves flickr7.jpg,399,229,squirrel,1,34,381,203
clay_starter_pots_with.jpg,700,700,potted plant,184,403,605,569
clay_starter_pots_with.jpg,700,700,potted plant,67,15,417,189
clay_starter_pots_with.jpg,700,700,potted plant,1,142,192,254
raccoon-53.jpg,259,194,raccoon,71,45,197,171
cactus_succulent_plant_green.jpg,700,700,potted plant,200,218,420,353
cactus_succulent_plant_green.jpg,700,700,potted plant,333,322,592,477
cactus_succulent_plant_green.jpg,700,700,potted plant,70,394,334,560
pexels-mabel-amber-129571.jpg,700,700,three,247,341,297,444
pexels-mabel-amber-129571.jpg,700,700,two,323,418,376,520
pexels-mabel-amber-129571.jpg,700,700,one,387,458,420,547
pexels-mabel-amber-129571.jpg,700,700,three,376,347,398,385
pexels-mabel-amber-129571.jpg,700,700,three,395,361,417,399
pexels-mabel-amber-129571.jpg,700,700,three,415,377,437,415
PennPed00022.png,925,486,person,77,119,156,421
PennPed00022.png,925,486,person,148,145,237,405
PennPed00022.png,925,486,person,259,142,345,400
PennPed00022.png,925,486,person,349,155,427,342
PennPed00022.png,925,486,person,741,134,804,404
PennPed00022.png,925,486,person,695,119,745,374
IMG_20210116_104220.jpg,700,700,zero,276,505,324,536
pexels-laura-musikanski-6018689.jpg,700,700,one,441,220,468,264
pexels-laura-musikanski-6018689.jpg,700,700,two,486,256,520,293
pexels-laura-musikanski-6018689.jpg,700,700,three,488,302,524,332
pexels-laura-musikanski-6018689.jpg,700,700,zero,262,249,289,280
pexels-laura-musikanski-6018689.jpg,700,700,one,304,221,321,257
pexels-laura-musikanski-6018689.jpg,700,700,one,247,250,263,281
raccoon-43.jpg,480,360,raccoon,1,65,239,316
IMG_20210116_170929.jpg,700,700,two,282,557,348,610
IMG_20210116_170929.jpg,700,700,one,387,454,402,485
IMG_20210116_170929.jpg,700,700,two,441,372,483,398
IMG_20210120_133438.jpg,700,700,zero,133,472,193,511
IMG_20210120_133438.jpg,700,700,potted plant,475,65,547,119
squirrel_cornwall_nature_animals.jpg,384,256,squirrel,70,108,257,209
likeaduck flickr3.jpg,400,266,squirrel,1,57,357,253
raccoon-120.jpg,660,371,raccoon,129,12,510,331
Alex O'Neal flickr7.jpg,400,300,squirrel,64,122,325,259
house_plant.jpg,700,700,potted plant,1,223,308,428
FudanPed00049.png,447,512,person,122,125,209,385
FudanPed00049.png,447,512,person,209,106,310,394
FudanPed00049.png,447,512,person,327,118,409,397
IMG_20210116_110519.jpg,700,700,three,307,457,346,481
PennPed00038.png,436,353,person,254,38,345,318
PennPed00088.png,375,320,person,90,13,204,317
Sheila Rosamond flickr2.jpg,400,256,squirrel,102,54,368,198
FudanPed00035.png,292,349,person,104,42,183,321
pexels-francesco-ungaro-1785619.jpg,700,700,three,348,324,397,452
pexels-francesco-ungaro-1785619.jpg,700,700,zero,402,321,450,464
pexels-francesco-ungaro-1785619.jpg,700,700,two,459,338,521,495
squirrel_squirrels_wildlife_animals_0.jpg,342,256,squirrel,167,115,224,160
Kai Schreiber flickr2 sq_hum.jpg,400,267,squirrel,66,138,192,230
Kai Schreiber flickr2 sq_hum.jpg,400,267,person,183,1,400,243
squirrel_on_tree.jpg,342,256,squirrel,49,8,219,244
aloe_vera_hug_couple.jpg,700,700,potted plant,354,217,561,427
aloe_vera_hug_couple.jpg,700,700,potted plant,108,209,319,413
aloe_vera_hug_couple.jpg,700,700,potted plant,356,23,659,225
aloe_vera_hug_couple.jpg,700,700,potted plant,590,200,700,343
IMG_20210116_170649.jpg,700,700,one,464,425,498,458
IMG_20210116_170649.jpg,700,700,two,263,541,323,587
IMG_20210120_100407.jpg,700,700,zero,225,579,288,627
EIC wikimedia sq_2.jpg,1131,761,squirrel,585,149,664,283
EIC wikimedia sq_2.jpg,1131,761,squirrel,1,430,147,760
pexels-mike-128663.jpg,700,700,one,293,280,312,305
pexels-mike-128663.jpg,700,700,zero,345,391,361,411
pexels-mike-128663.jpg,700,700,three,393,280,409,299
pexels-mike-128663.jpg,700,700,two,343,281,362,303
slgckgc flickr1.jpg,400,265,squirrel,101,58,380,160
squirrel_animal_nature_forest.jpg,384,256,squirrel,96,123,194,212
squirrel_nature_outdoors_lake.jpg,384,256,squirrel,140,48,310,217
plant_plants_spring_garden.jpg,171,256,potted plant,1,66,79,165
raccoon-131.jpg,259,194,raccoon,1,1,199,184
PennPed00065.png,324,318,person,38,21,129,301
PennPed00090.png,500,370,person,61,37,111,330
PennPed00090.png,500,370,person,105,22,200,362
PennPed00090.png,500,370,person,223,21,337,336
PhyIG flickr1 plant.jpg,293,400,potted plant,20,215,109,319
PhyIG flickr1 plant.jpg,293,400,potted plant,76,252,206,380
PhyIG flickr1 plant.jpg,293,400,potted plant,198,307,285,383
twelve_number_door_blue.jpg,562,423,one,196,115,313,326
twelve_number_door_blue.jpg,562,423,two,319,110,551,331
sq_9.jpg,926,432,squirrel,433,59,895,430
1e.jpg,650,650,one,480,497,545,545
raccoon-61.jpg,274,184,raccoon,94,63,195,148
raccoon-61.jpg,274,184,raccoon,142,39,213,108
pexels-alessandro-oliverio-1472238.jpg,700,700,two,265,295,327,487
pexels-alessandro-oliverio-1472238.jpg,700,700,zero,325,300,378,477
raccoon-133.jpg,490,640,raccoon,8,6,476,631
3d.jpg,650,650,three,350,473,428,540
a_fleshy_plant_fleshy_55.jpg,700,700,potted plant,1,65,692,694
raccoon-130.jpg,640,426,raccoon,223,62,497,307
raccoon-130.jpg,640,426,raccoon,453,41,640,423
likeaduck flickr1.jpg,400,266,squirrel,10,30,364,240
raccoon-109.jpg,192,259,raccoon,9,1,177,252
year-2011-11292184717dhJ.jpg,650,425,two,70,143,197,345
year-2011-11292184717dhJ.jpg,650,425,one,370,138,496,336
year-2011-11292184717dhJ.jpg,650,425,one,515,134,641,332
year-2011-11292184717dhJ.jpg,650,425,zero,216,143,335,336
IMG_20210120_100707.jpg,700,700,two,309,566,369,598
potted_plant_mini_yellow.jpg,383,256,potted plant,38,76,172,147
IMG_20210116_170228.jpg,700,700,one,353,567,402,607
IMG_20210116_170228.jpg,700,700,three,345,338,372,354
IMG_20210116_170228.jpg,700,700,potted plant,193,82,306,151
IMG_20210116_170228.jpg,700,700,potted plant,265,115,371,180
IMG_20210116_170228.jpg,700,700,potted plant,335,130,459,204
IMG_20210116_170228.jpg,700,700,potted plant,447,193,509,248
sq_11.jpg,374,413,squirrel,83,124,249,256
FudanPed00004.png,396,397,person,166,58,323,353
FudanPed00004.png,396,397,person,11,56,63,187
Benjamin Thomas flickr1 plant.jpg,267,400,potted plant,80,173,231,299
squirrel_canada_park_fur.jpg,384,256,squirrel,149,84,382,256
PennPed00093.png,368,311,person,70,5,203,302
FudanPed00027.png,302,363,person,20,69,48,159
FudanPed00027.png,302,363,person,133,45,229,318
ground_squirrel_animal_nature.jpg,700,700,squirrel,112,18,556,628
raccoon-100.jpg,960,576,raccoon,548,10,954,520
Alex O'Neal flickr4 sq_bird.jpg,400,300,squirrel,199,222,269,267
squirrel_garden_grey_vermin.jpg,342,256,squirrel,82,52,241,216
PennPed00070.png,466,354,person,13,17,132,344
PennPed00070.png,466,354,person,187,11,308,327
PennPed00083.png,371,341,person,48,19,123,289
PennPed00083.png,371,341,person,130,33,250,319
raccoon-169.jpg,615,409,raccoon,194,1,549,409
Sheila Rosamond flickr5.jpg,300,400,squirrel,41,161,218,273
raccoon-196.jpg,233,216,raccoon,83,87,211,211
Jason Peper flickr5.jpg,400,267,squirrel,117,12,297,160
cactus_succulent_indoor_decor.jpg,700,700,potted plant,61,338,151,412
cactus_succulent_indoor_decor.jpg,700,700,potted plant,179,341,290,400
cactus_succulent_indoor_decor.jpg,700,700,potted plant,1,332,47,401
cactus_succulent_indoor_decor.jpg,700,700,potted plant,137,582,254,666
cactus_succulent_indoor_decor.jpg,700,700,potted plant,57,636,122,690
cactus_succulent_indoor_decor.jpg,700,700,potted plant,1,597,48,670
eastern_gray_squirrel_squirrels.jpg,700,700,squirrel,259,94,600,444
moodboard flickr1 plant human.jpg,266,399,potted plant,58,235,153,342
moodboard flickr1 plant human.jpg,266,399,person,1,41,247,399
Valerie Everett flickr1 plant.jpg,267,400,potted plant,31,122,232,271
PennPed00042.png,569,344,person,288,34,389,309
PennPed00042.png,569,344,person,402,31,492,324
junksignal flickr1 plant.jpg,400,300,potted plant,11,64,397,300
number-set.jpg,700,700,one,21,30,153,317
number-set.jpg,700,700,two,205,29,335,315
number-set.jpg,700,700,three,391,23,501,318
raccoon-23.jpg,259,194,raccoon,108,1,258,194
raccoon-46.jpg,576,318,raccoon,145,2,423,318
potted_plant_green_plant_0.jpg,384,256,potted plant,94,38,296,242
pexels-danne-555704.jpg,640,426,squirrel,286,156,456,407
raccoon-102.jpg,259,194,raccoon,1,1,118,152
FudanPed00002.png,455,414,person,61,83,194,388
FudanPed00002.png,455,414,person,154,93,239,389
FudanPed00010.png,411,393,person,270,85,406,373
raccoon-85.jpg,620,465,raccoon,236,87,598,429
olivia-colacicco-p8ZLd4mVW-c-unsplash.jpg,640,427,squirrel,138,143,237,219
olivia-colacicco-p8ZLd4mVW-c-unsplash.jpg,640,427,squirrel,414,175,531,249
raccoon-22.jpg,640,360,raccoon,252,76,466,335
Alex O'Neal flickr5.jpg,400,300,squirrel,195,212,252,241
IMG_20210114_180933.jpg,400,533,two,11,467,80,517
IMG_20210114_180933.jpg,400,533,potted plant,122,196,348,363
squirrel_hidden_herbs_cache.jpg,384,256,squirrel,3,42,247,202
IMG_20210120_115752.jpg,700,700,one,500,582,523,646
IMG_20210120_115752.jpg,700,700,potted plant,447,469,649,594
IMG_20210116_105829.jpg,700,700,potted plant,321,184,425,277
IMG_20210116_105829.jpg,700,700,potted plant,200,175,274,263
IMG_20210116_105829.jpg,700,700,zero,297,626,381,700
window_potted_plant_plant.jpg,387,256,potted plant,250,142,323,196
pexels-ricardo-esquivel-2287950.jpg,640,960,squirrel,289,532,496,658
pexels-frank-cone-4555172.jpg,640,512,squirrel,33,203,525,394
PennPed00058.png,509,380,person,178,19,248,317
PennPed00058.png,509,380,person,227,23,309,297
PennPed00058.png,509,380,person,301,14,366,235
PennPed00058.png,509,380,person,345,61,442,351
PennPed00058.png,509,380,person,54,44,102,133
PennPed00058.png,509,380,person,96,47,139,135
calculator-keyboard.jpg,700,700,one,173,401,315,505
calculator-keyboard.jpg,700,700,zero,332,575,456,684
calculator-keyboard.jpg,700,700,two,400,295,497,367
calculator-keyboard.jpg,700,700,three,568,208,643,259
raccoon-50.jpg,275,183,raccoon,36,2,174,172
PennPed00049.png,452,350,person,89,44,172,350
PennPed00049.png,452,350,person,171,38,266,340
PennPed00049.png,452,350,person,249,77,304,236
PennPed00049.png,452,350,person,310,68,368,242
PennPed00049.png,452,350,person,288,74,327,191
plant_pot_flower_potted.jpg,455,256,potted plant,177,109,270,192
IMG_20210116_110633.jpg,700,700,one,630,544,660,600
IMG_20210116_110633.jpg,700,700,potted plant,345,67,419,112
IMG_20210120_133607.jpg,700,700,two,528,591,598,642
calculator-1410294342iUf.jpg,700,700,zero,47,271,105,318
calculator-1410294342iUf.jpg,700,700,one,123,226,171,265
calculator-1410294342iUf.jpg,700,700,two,211,257,264,304
calculator-1410294342iUf.jpg,700,700,three,330,305,379,347
small_potted_plants_sitting.jpg,361,256,potted plant,67,123,152,172
small_potted_plants_sitting.jpg,361,256,potted plant,203,157,283,208
small_potted_plants_sitting.jpg,361,256,potted plant,300,158,361,205
jasmine_potted_plants_device.jpg,700,700,potted plant,268,1,621,263
grey_squirrel_wood_animal.jpg,700,700,squirrel,210,134,444,621
F D Richards flickr1 plant.jpg,241,399,potted plant,9,260,116,355
F D Richards flickr1 plant.jpg,241,399,potted plant,115,195,213,271
F D Richards flickr1 plant.jpg,241,399,potted plant,170,330,233,385
F D Richards flickr1 plant.jpg,241,399,potted plant,107,352,166,399
squirrel_animal_wildlife_wild_0.jpg,455,256,squirrel,64,22,279,175
Patrick Standish flickr3 plant.jpg,267,400,potted plant,61,140,221,290
IMG_20210120_133508.jpg,700,700,one,151,586,187,623
raccoon-122.jpg,178,283,raccoon,7,7,174,198
raccoon-137.jpg,320,240,raccoon,71,8,304,233
raccoon-52.jpg,800,533,raccoon,105,10,502,501
pexels-pixabay-162500.jpg,700,700,one,123,475,193,541
pexels-pixabay-162500.jpg,700,700,two,100,644,180,700
pexels-pixabay-162500.jpg,700,700,two,360,213,440,269
pexels-pixabay-162500.jpg,700,700,three,266,457,322,494
pexels-pixabay-162500.jpg,700,700,one,229,408,270,441
pexels-pixabay-162500.jpg,700,700,three,309,409,354,435
pexels-pixabay-162500.jpg,700,700,zero,247,390,289,423
Kai Schreiber flickr1.jpg,400,267,squirrel,106,63,280,235
PennPed00040.png,406,342,person,210,33,323,342
squirrel_wildlife_animals_london.jpg,384,256,squirrel,191,42,322,173
Brian Crawford flickr1.jpg,297,266,two,136,81,207,177
eastern_gray_squirrel_on.jpg,700,700,squirrel,292,102,389,527
IMG_20210116_110614.jpg,700,700,zero,280,505,325,528
IMG_20210116_110614.jpg,700,700,potted plant,523,338,616,413
IMG_20210116_110614.jpg,700,700,potted plant,386,295,417,326
IMG_20210116_110614.jpg,700,700,potted plant,419,299,461,331
IMG_20210116_110614.jpg,700,700,potted plant,512,270,584,331
IMG_20210116_110614.jpg,700,700,potted plant,468,298,505,349
FudanPed00030.png,462,387,person,101,87,176,357
Jason Peper flickr2.jpg,400,267,squirrel,151,92,298,159
grass_pots_isolated_on.jpg,700,700,potted plant,59,252,358,505
grass_pots_isolated_on.jpg,700,700,potted plant,409,332,634,492
potted_plant_houseplant_green.jpg,342,256,potted plant,22,1,325,214
Mihai Bojin flickr2.jpg,400,320,squirrel,180,217,262,248
PennPed00064.png,370,322,person,40,43,75,108
PennPed00064.png,370,322,person,97,45,144,119
PennPed00064.png,370,322,person,252,24,337,311
raccoon-63.jpg,600,400,raccoon,74,107,280,290
raccoon-63.jpg,600,400,raccoon,227,93,403,298
number_three_three_wood.jpg,700,700,three,282,159,415,548
0b.jpg,650,650,zero,356,385,411,428
likeaduck flickr4.jpg,400,266,squirrel,94,25,237,246
4046878993_eebf606d33_w.jpg,400,266,squirrel,185,170,217,215
raccoon-74.jpg,800,533,raccoon,141,6,472,505
potted_plant_apartments_veranda.jpg,544,424,potted plant,1,237,123,331
potted_plant_apartments_veranda.jpg,544,424,potted plant,221,296,341,361
potted_plant_apartments_veranda.jpg,544,424,potted plant,381,295,488,361
potted_plant_apartments_veranda.jpg,544,424,potted plant,500,287,544,356
FudanPed00055.png,390,555,person,163,163,270,537
raccoon-73.jpg,284,177,raccoon,56,16,274,166
FudanPed00021.png,490,378,person,234,87,274,170
FudanPed00021.png,490,378,person,337,75,446,362
FudanPed00021.png,490,378,person,42,92,69,162
PennPed00046.png,534,348,person,322,16,405,315
PennPed00046.png,534,348,person,14,46,109,326
PennPed00046.png,534,348,person,413,52,457,122
Elliott Brown flickr1 plant.jpg,400,300,potted plant,1,168,203,273
Elliott Brown flickr1 plant.jpg,400,300,potted plant,192,217,399,300
Kevin Dooley flickr1 plant.jpg,400,400,potted plant,53,185,216,335
Sarah gardenvisit flickr1 plant.jpg,399,314,potted plant,126,89,249,151
sq_6.jpg,736,561,squirrel,125,272,265,440
raccoon-1.jpg,650,417,raccoon,81,88,522,408
sq_8.jpg,795,629,squirrel,371,276,789,605
PennPed00077.png,352,323,person,72,22,175,307
PennPed00077.png,352,323,person,189,161,273,279
PennPed00080.png,435,361,person,75,41,168,328
PennPed00080.png,435,361,person,218,43,300,322
PennPed00080.png,435,361,person,325,28,403,323
Living in Monrovia flickr1 plant.jpg,289,400,potted plant,57,48,289,304
IMG_20210120_133900.jpg,700,700,three,358,559,462,628
IMG_20210120_114453.jpg,700,700,three,263,539,360,628
F D Richards flickr3 plant.jpg,300,400,potted plant,65,182,168,312
IMG_20210116_110626.jpg,700,700,one,380,329,396,346
IMG_20210116_110626.jpg,700,700,potted plant,571,174,621,222
IMG_20210116_110626.jpg,700,700,potted plant,621,178,683,234
IMG_20210116_110626.jpg,700,700,potted plant,633,141,700,192
IMG_20210116_110626.jpg,700,700,potted plant,193,118,261,168
raccoon-3.jpg,720,480,raccoon,1,1,720,476
bonsai_potted_plants_fresh_2.jpg,700,700,potted plant,57,314,589,485
IMG_20210116_104811.jpg,700,700,potted plant,1,223,171,412
IMG_20210116_104811.jpg,700,700,potted plant,224,246,497,395
IMG_20210116_104811.jpg,700,700,potted plant,485,350,571,455
IMG_20210116_104811.jpg,700,700,one,338,659,393,700
FudanPed00051.png,448,501,person,131,187,225,476
Sean A OHara flickr1 plant.jpg,300,400,potted plant,33,181,214,319
Sean A OHara flickr1 plant.jpg,300,400,potted plant,210,251,277,314
Sean A OHara flickr1 plant.jpg,300,400,potted plant,161,173,296,263
3b.jpg,650,650,three,332,57,389,106
IMG_20210116_104408.jpg,700,700,one,529,312,583,347
PennPed00078.png,349,372,person,235,56,314,351
IMG_20210120_100817.jpg,700,700,zero,304,523,360,557
IMG_20210116_105847.jpg,700,700,three,296,557,393,644
fat_plants_succulent_plant_0.jpg,700,700,potted plant,38,289,582,640
PennPed00069.png,388,345,person,49,31,152,335
PennPed00069.png,388,345,person,170,33,277,312
raccoon-124.jpg,259,194,raccoon,17,39,239,147
flickr1 plant by gabriela f .jpg,304,400,potted plant,30,118,274,308
IMG_20210120_114442.jpg,700,700,one,235,292,348,479
PennPed00030.png,479,354,person,1,34,91,349
PennPed00030.png,479,354,person,136,33,248,343
PennPed00030.png,479,354,person,337,38,443,354
squirrel_london_park_grass.jpg,384,256,squirrel,106,17,224,163
raccoon-10.jpg,450,495,raccoon,130,2,446,488
raccoon-89.jpg,259,194,raccoon,18,6,225,176
Janet Swisher flick1 plant.jpg,399,225,potted plant,128,48,197,122
IMG_20210120_100416.jpg,700,700,two,274,585,348,634
pexels-tima-miroshnichenko-6253688.jpg,700,700,three,151,289,185,349
pexels-tima-miroshnichenko-6253688.jpg,700,700,one,129,292,154,357
pexels-tima-miroshnichenko-6253688.jpg,700,700,two,542,284,576,341
IMG_20210116_103001.jpg,700,700,one,471,610,517,672
FudanPed00018.png,253,323,person,19,22,112,311
IMG_20210116_104936.jpg,700,700,two,238,200,314,267
Mike G flickr1.jpg,400,267,squirrel,153,1,319,228
chelsey-faucher-aVAUZ__GDy8-unsplash.jpg,640,426,squirrel,224,193,525,330
PennPed00050.png,419,315,person,61,26,117,217
PennPed00050.png,419,315,person,105,41,179,293
PennPed00032.png,374,344,person,106,38,191,331
PennPed00089.png,428,317,person,89,19,148,293
PennPed00089.png,428,317,person,178,11,282,304
raccoon-147.jpg,426,640,raccoon,13,1,426,486
raccoon-159.jpg,226,223,raccoon,14,11,223,221
squirrel_eating_fruits_green.jpg,256,256,squirrel,79,79,174,158
IMG_20210120_100846.jpg,700,700,one,110,628,189,688
IMG_20210116_110231.jpg,700,700,zero,448,441,506,473
IMG_20210116_110231.jpg,700,700,potted plant,113,148,200,244
raccoon-191.jpg,634,445,raccoon,100,89,478,331
raccoon-195.jpg,225,225,raccoon,25,111,197,225
raccoon-108.jpg,604,481,raccoon,99,53,402,464
raccoon-154.jpg,650,419,raccoon,148,56,517,346
raccoon-32.jpg,625,415,raccoon,88,92,473,328
F D Richards flickr2 plant.jpg,400,300,potted plant,86,166,211,266
F D Richards flickr2 plant.jpg,400,300,potted plant,232,139,351,230
F D Richards flickr2 plant.jpg,400,300,potted plant,138,85,224,175
IMG_20210116_104153.jpg,700,700,two,243,524,313,573
bonsai_potted_plants_fresh_1.jpg,700,700,potted plant,324,406,635,574
squirrel_flowers_cute_rodent.jpg,384,256,squirrel,226,120,277,165
flower_potted_plant_nature.jpg,700,700,potted plant,197,475,596,620
IMG_20210120_115657.jpg,700,700,zero,264,467,335,558
IMG_20210120_115657.jpg,700,700,potted plant,278,341,530,487
IMG_20210120_115657.jpg,700,700,potted plant,525,295,700,423
raccoon-132.jpg,259,194,raccoon,6,2,240,131
PennPed00084.png,370,356,person,166,86,199,253
PennPed00084.png,370,356,person,201,35,276,325
PennPed00084.png,370,356,person,272,22,355,351
raccoon-4.jpg,275,183,raccoon,21,11,200,183
squirrel_food_thief_brown.jpg,386,256,squirrel,46,88,262,164
FudanPed00048.png,585,559,person,180,219,238,500
FudanPed00048.png,585,559,person,14,247,80,537
FudanPed00048.png,585,559,person,83,229,144,432
FudanPed00048.png,585,559,person,320,246,376,378
FudanPed00048.png,585,559,person,468,258,564,539
potted_plant_gift_decoration.jpg,170,256,potted plant,40,146,138,214
FudanPed00040.png,550,482,person,203,153,266,430
FudanPed00040.png,550,482,person,287,161,358,436
FudanPed00040.png,550,482,person,113,249,159,375
IMG_20210116_104819.jpg,700,700,potted plant,247,196,578,374
IMG_20210116_104819.jpg,700,700,three,229,631,297,673
Wellness Wildflower flickr1 plant.jpg,300,400,potted plant,109,206,184,275
Alex O'Neal flickr2.jpg,300,400,squirrel,148,121,200,174
FudanPed00044.png,521,494,person,35,136,159,489
FudanPed00044.png,521,494,person,253,169,312,468
FudanPed00044.png,521,494,person,338,178,413,461
FudanPed00044.png,521,494,person,431,163,513,387
IMG_20210116_105547.jpg,700,700,two,317,571,392,616
FudanPed00042.png,588,547,person,158,189,244,478
FudanPed00042.png,588,547,person,290,157,389,469
FudanPed00042.png,588,547,person,389,168,434,372
FudanPed00042.png,588,547,person,448,274,544,547
FudanPed00042.png,588,547,person,510,174,585,547
Rob Hodgkins flickr1.jpg,399,267,squirrel,87,13,337,240
pexels-andras-fritschek-3227634.jpg,700,700,two,169,265,310,472
pexels-andras-fritschek-3227634.jpg,700,700,three,406,260,543,469
Art Aspirations flickr1 plant.jpg,400,397,potted plant,1,57,366,330
Art Aspirations flickr1 plant.jpg,400,397,potted plant,1,1,181,123
IMG_20210116_104434.jpg,700,700,two,592,602,694,672
IMG_20210116_104434.jpg,700,700,three,400,283,424,296
IMG_20210120_133545.jpg,700,700,two,459,576,517,608
PennPed00086.png,474,354,person,219,35,298,316
PennPed00086.png,474,354,person,350,25,452,325
PennPed00086.png,474,354,person,112,164,184,346
PennPed00086.png,474,354,person,25,28,92,256
PennPed00086.png,474,354,person,121,63,158,181
PennPed00086.png,474,354,person,172,52,224,203
Pussreboots flickr2 plant.jpg,400,300,potted plant,1,217,172,300
Pussreboots flickr2 plant.jpg,400,300,potted plant,129,131,303,276
raccoon-47.jpg,262,193,raccoon,34,4,233,193
squirrel_rodent_animal_new.jpg,387,256,squirrel,45,1,287,185
Olga Pavlovsky flickr1 plant.jpg,400,267,potted plant,85,89,178,188
raccoon-15.jpg,640,360,raccoon,313,61,614,360
raccoon-34.jpg,259,194,raccoon,1,2,227,194
PennPed00048.png,423,380,person,120,31,203,320
PennPed00048.png,423,380,person,28,30,120,331
PennPed00048.png,423,380,person,264,8,379,364
raccoon-138.jpg,259,194,raccoon,56,54,226,150
plant_plants_leaf_beauty.jpg,384,256,potted plant,159,108,230,174
yuhan-du-dUZWRs2iXig-unsplash.jpg,640,360,squirrel,289,169,455,287
Alex O'Neal flickr1.jpg,300,400,squirrel,93,129,176,268
IMG_20210116_104215.jpg,700,700,one,394,583,448,636
raccoon-69.jpg,205,246,raccoon,12,11,188,240
FudanPed00019.png,497,442,person,27,122,115,382
FudanPed00019.png,497,442,person,214,120,317,417
pexels-oleg-magni-1600115.jpg,700,700,one,561,425,641,619
raccoon-182.jpg,500,500,raccoon,17,122,279,499
PennPed00020.png,721,428,person,182,121,266,374
PennPed00020.png,721,428,person,409,70,497,359
PennPed00020.png,721,428,person,483,62,571,364
raccoon-116.jpg,660,432,raccoon,3,1,436,430
raccoon-2.jpg,800,573,raccoon,60,51,462,499
IMG_20210120_100650.jpg,700,700,three,380,527,443,571
raccoon-30.jpg,266,190,raccoon,78,25,182,177
PennPed00053.png,377,344,person,161,21,261,336
PennPed00053.png,377,344,person,35,27,143,320
Samu flickr plant.jpg,400,300,potted plant,260,166,369,251
Samu flickr plant.jpg,400,300,potted plant,104,138,187,207
raccoon-24.jpg,268,188,raccoon,77,48,179,156
raccoon-24.jpg,268,188,raccoon,139,77,202,145
IMG_20210116_170752.jpg,700,700,three,204,529,279,587
IMG_20210116_170752.jpg,700,700,one,538,405,563,432
IMG_20210116_170752.jpg,700,700,potted plant,220,21,341,79
Naotake Murayama flickr3.jpg,400,267,squirrel,188,115,214,169
oguzhan-akinci-h4cKDovlRDk-unsplash.jpg,640,427,squirrel,234,88,358,419
Maggie Hoffman flickr1 plant.jpg,400,267,potted plant,34,119,136,213
Maggie Hoffman flickr1 plant.jpg,400,267,potted plant,176,118,276,205
Maggie Hoffman flickr1 plant.jpg,400,267,potted plant,304,134,394,220
1davifthornton thorntonzone IMG_0070 Squirrel running away_640x480.jpg,640,480,squirrel,1,110,483,376
raccoon-12.jpg,259,194,raccoon,28,21,126,181
raccoon-12.jpg,259,194,raccoon,85,33,235,193
raccoon-71.jpg,640,426,raccoon,129,51,628,373
IMG_20210120_114950.jpg,700,700,zero,389,636,443,671
IMG_20210120_114950.jpg,700,700,one,394,500,420,530
raccoon-9.jpg,347,510,raccoon,10,7,347,471
PennPed00033.png,533,391,person,431,66,502,365
PennPed00033.png,533,391,person,120,46,221,378
PennPed00033.png,533,391,person,35,34,124,367
PennPed00033.png,533,391,person,283,134,360,338
PennPed00033.png,533,391,person,1,91,34,312
pixelsuite flickr1.jpg,400,266,potted plant,82,108,200,192
PennPed00021.png,712,436,person,75,102,190,396
PennPed00021.png,712,436,person,485,77,578,391
PennPed00021.png,712,436,person,574,105,654,399
a_row_rich_green_0.jpg,700,700,potted plant,22,447,235,649
a_row_rich_green_0.jpg,700,700,potted plant,233,454,465,631
a_row_rich_green_0.jpg,700,700,potted plant,447,438,700,623
Andrea_44 flickr2 plant.jpg,400,300,potted plant,29,81,302,275
pexels-cottonbro-6034776.jpg,700,700,one,158,280,182,301
pexels-cottonbro-6034776.jpg,700,700,two,220,279,238,293
pexels-cottonbro-6034776.jpg,700,700,three,276,274,297,287
pexels-cottonbro-6034776.jpg,700,700,zero,235,377,252,390
pexels-cottonbro-6034776.jpg,700,700,two,221,218,240,234
pexels-cottonbro-6034776.jpg,700,700,one,195,215,215,232
pexels-cottonbro-6034776.jpg,700,700,one,213,219,224,236
raccoon-79.jpg,640,425,raccoon,120,1,568,425
IMG_20210116_104415.jpg,700,700,one,511,626,587,690
IMG_20210116_104415.jpg,700,700,two,449,387,487,404
Garry Knight flickr1.jpg,400,400,potted plant,76,153,307,319
Garry Knight flickr1.jpg,400,400,potted plant,1,132,115,290
raccoon-77.jpg,640,360,raccoon,161,1,627,330
raccoon-188.jpg,460,379,raccoon,26,71,366,334
pexels-anna-tarazevich-5211568.jpg,700,700,one,272,416,290,435
pexels-anna-tarazevich-5211568.jpg,700,700,two,312,426,332,441
pexels-anna-tarazevich-5211568.jpg,700,700,three,355,433,372,449
pexels-anna-tarazevich-5211568.jpg,700,700,zero,260,498,279,520
squirrel_nature_torino_animal_0.jpg,192,256,squirrel,1,29,132,186
The World Through Athen flickr1 plant.jpg,300,400,potted plant,66,192,234,353
raccoon-193.jpg,634,852,raccoon,23,215,440,831
raccoon-92.jpg,960,640,raccoon,37,32,729,543
raccoon-48.jpg,261,193,raccoon,43,28,240,176
raccoon-177.jpg,276,183,raccoon,8,18,157,178
raccoon-177.jpg,276,183,raccoon,146,13,263,146
vintage-office-calculator-keypad.jpg,578,391,one,165,223,197,266
vintage-office-calculator-keypad.jpg,578,391,zero,218,326,237,355
vintage-office-calculator-keypad.jpg,578,391,three,362,231,382,261
vintage-office-calculator-keypad.jpg,578,391,two,263,233,286,261
likeaduck flickr5.jpg,400,266,squirrel,136,68,354,247
kitchen_sink_cranes_white.jpg,700,700,potted plant,475,293,640,433
FudanPed00037.png,423,361,person,304,64,398,347
FudanPed00037.png,423,361,person,187,94,213,170
FudanPed00057.png,482,519,person,26,89,119,414
FudanPed00057.png,482,519,person,126,81,210,362
FudanPed00057.png,482,519,person,234,87,323,364
FudanPed00057.png,482,519,person,341,108,394,274
FudanPed00057.png,482,519,person,385,114,426,250
raccoon-174.jpg,960,639,raccoon,125,43,588,527
Naotake Murayama flickr1.jpg,400,267,squirrel,101,45,372,222
raccoon-38.jpg,259,194,raccoon,7,17,257,180
IMG_20210120_114645.jpg,700,700,zero,353,353,417,387
0c.jpg,650,650,zero,298,451,363,505
cactus_plant_plant_rack.jpg,700,700,potted plant,279,409,543,581
raccoon-66.jpg,860,484,raccoon,220,37,697,440
raccoon-45.jpg,620,372,raccoon,140,6,454,370
Irina UA flickr1 plant.jpg,400,277,potted plant,77,85,252,240
IMG_20210120_133536.jpg,700,700,one,143,615,195,665
PennPed00072.png,473,348,person,163,20,255,335
PennPed00072.png,473,348,person,316,46,416,334
PennPed00059.png,582,362,person,82,41,168,332
PennPed00059.png,582,362,person,405,29,505,329
raccoon-35.jpg,275,183,raccoon,1,1,164,183
1c.jpg,650,650,one,341,359,390,412
stephen Boisvert flickr1 plant.jpg,300,400,potted plant,41,121,214,317
IMG_20210120_121837.jpg,700,700,one,158,431,190,495
raccoon-16.jpg,424,640,raccoon,51,178,355,632
Dominic Alves flickr6.jpg,399,284,squirrel,33,25,373,231
Jason Peper flickr6.jpg,400,267,squirrel,4,27,302,234
PennPed00076.png,342,348,person,218,20,303,321
raccoon-60.jpg,273,185,raccoon,58,33,197,127
FudanPed00031.png,569,430,person,323,123,411,399
raccoon-184.jpg,640,640,raccoon,81,77,567,617
raccoon-172.jpg,615,346,raccoon,183,53,399,302
raccoon-107.jpg,500,622,raccoon,165,51,496,590
plant_potted_plant_grow.jpg,359,256,potted plant,138,131,219,184
raccoon-165.jpg,199,253,raccoon,27,11,194,228
raccoon-44.jpg,300,168,raccoon,45,14,247,165
FudanPed00056.png,565,581,person,201,263,275,542
FudanPed00056.png,565,581,person,276,258,346,542
FudanPed00056.png,565,581,person,447,244,531,537
squirrel_plume_tail_boston.jpg,342,256,squirrel,53,38,278,210
raccoon-112.jpg,800,574,raccoon,131,174,775,563
ruby fenn flickr1 plant.jpg,267,400,potted plant,70,170,200,292
computer-keyboard-1461918603nrC.jpg,700,700,one,329,447,384,492
computer-keyboard-1461918603nrC.jpg,700,700,two,425,393,473,431
computer-keyboard-1461918603nrC.jpg,700,700,zero,402,543,446,588
computer-keyboard-1461918603nrC.jpg,700,700,three,510,343,549,382
PennPed00039.png,495,373,person,329,66,418,361
PennPed00039.png,495,373,person,253,15,339,218
nature_squirrel_victoria_654067.jpg,700,700,squirrel,81,55,600,694
small_potted_plants_sitting_0.jpg,385,256,potted plant,156,105,276,185
squirrel_trash_bin_park.jpg,384,256,squirrel,142,95,282,152
PennPed00043.png,480,356,person,142,66,200,245
PennPed00043.png,480,356,person,200,49,287,335
PennPed00043.png,480,356,person,277,72,323,258
PennPed00043.png,480,356,person,343,57,428,332
PennPed00043.png,480,356,person,425,68,451,154
PennPed00043.png,480,356,person,300,57,347,207
pexels-1480861.jpg,400,267,three,204,54,248,132
pexels-1480861.jpg,400,267,one,295,50,336,139
flowers_in_pot_on_2.jpg,700,700,potted plant,359,390,464,442
Chris Bowman flickr1.jpg,400,261,squirrel,6,68,253,217
cyclamen_potted_plant_flowers.jpg,700,700,potted plant,154,349,474,600
Ulf K flickr1.jpg,270,260,one,224,133,240,175
Ulf K flickr1.jpg,270,260,three,242,133,265,173
cactus_pot_alone_potted.jpg,700,700,potted plant,35,339,343,561
IMG_20210114_180825.jpg,300,400,two,88,261,168,320
raccoon-54.jpg,602,339,raccoon,78,5,517,333
2david thornton thorntonzone IMG_0052 Squirrel in yard_640x480.jpg,640,480,squirrel,85,173,338,400
raccoon-80.jpg,225,225,raccoon,21,27,177,182
IMG_20210120_100612.jpg,700,700,one,397,583,420,619
raccoon-162.jpg,259,194,raccoon,45,34,161,184
IMG_20210116_110313.jpg,700,700,three,430,482,484,512
3h.jpg,650,650,three,142,334,209,389
IMG_20210116_104953.jpg,700,700,zero,120,154,195,233
FudanPed00029.png,435,404,person,46,78,123,322
FudanPed00029.png,435,404,person,250,73,343,341
PennPed00096.png,294,331,person,7,28,99,328
PennPed00096.png,294,331,person,109,28,201,331
squirrel_animal_possierlich_rodent.jpg,342,256,squirrel,48,75,272,208
animal_squirrel_attitude_squirrels.jpg,700,700,squirrel,185,49,395,370
pexels-pixabay-277371.jpg,700,700,two,241,250,276,352
pexels-pixabay-277371.jpg,700,700,one,207,170,233,277
pexels-pixabay-277371.jpg,700,700,one,66,245,92,352
pexels-pixabay-277371.jpg,700,700,one,125,159,151,266
pexels-pixabay-277371.jpg,700,700,two,172,136,207,238
pexels-pixabay-277371.jpg,700,700,three,256,354,288,457
FudanPed00011.png,459,420,person,270,116,431,384
2d.jpg,650,650,two,143,434,208,485
PennPed00026.png,530,410,person,220,112,286,367
PennPed00026.png,530,410,person,350,92,420,382
Phil Fiddyment flickr2.jpg,400,256,squirrel,20,9,253,219
pexels-markus-spiske-105003.jpg,700,700,one,341,231,366,262
pexels-markus-spiske-105003.jpg,700,700,zero,409,521,430,552
pexels-markus-spiske-105003.jpg,700,700,three,476,231,499,259
pexels-markus-spiske-105003.jpg,700,700,two,409,233,432,266
FudanPed00016.png,544,425,person,105,85,213,388
FudanPed00016.png,544,425,person,249,102,308,272
FudanPed00016.png,544,425,person,316,92,393,362
FudanPed00016.png,544,425,person,419,96,495,383
IMG_20210116_103504.jpg,700,700,three,278,189,412,319
Dominic Alves flickr5.jpg,400,386,squirrel,40,6,341,364
denebola2025 flickr1 plant.jpg,400,300,potted plant,187,56,400,299
FudanPed00052.png,461,504,person,209,193,308,491
IMG_20210120_100428.jpg,700,700,one,533,577,556,616
raccoon-37.jpg,520,593,raccoon,13,1,500,592
squirrel_nature_rodent_animal.jpg,340,256,squirrel,96,55,276,221
raccoon-160.jpg,256,197,raccoon,7,42,162,197
number_20_twenty_wall.jpg,700,700,two,73,292,259,575
number_20_twenty_wall.jpg,700,700,zero,266,293,443,536
Sludge G flickr1 plant.jpg,400,300,potted plant,48,163,110,225
Sludge G flickr1 plant.jpg,400,300,potted plant,182,153,247,209
Sludge G flickr1 plant.jpg,400,300,potted plant,292,167,336,208
Dominic Alves flickr4.jpg,400,400,squirrel,102,24,314,357
raccoon-118.jpg,448,297,raccoon,109,31,307,297
raccoon-151.jpg,225,225,raccoon,42,94,108,224
Ian Dick flickr1.jpg,399,188,squirrel,138,30,263,171
squirrel_animal.jpg,342,256,squirrel,113,74,248,226
FudanPed00032.png,608,474,person,476,170,555,438
pexels-ellie-burgin-3579863.jpg,640,575,squirrel,315,169,427,347
raccoon-175.jpg,634,381,raccoon,69,89,354,378
raccoon-194.jpg,1080,1080,raccoon,1,63,885,1042
PennPed00073.png,579,364,person,99,31,181,330
PennPed00073.png,579,364,person,189,35,274,335
PennPed00073.png,579,364,person,262,172,336,288
PennPed00073.png,579,364,person,329,44,413,344
FudanPed00020.png,555,417,person,383,108,478,366
raccoon-55.jpg,634,417,raccoon,6,49,250,320
raccoon-55.jpg,634,417,raccoon,274,27,563,410
PennPed00041.png,570,422,person,348,99,459,362
Anthony Rossos flickr1 plant.jpg,300,400,potted plant,49,136,222,288
raccoon-173.jpg,550,388,raccoon,202,21,515,387
squirrel_grey_squirrel_feeding_2.jpg,239,256,squirrel,26,26,205,223
raccoon-148.jpg,500,375,raccoon,32,177,174,316
raccoon-148.jpg,500,375,raccoon,309,172,428,315
IMG_20210116_103510.jpg,700,700,one,303,288,427,326
raccoon-200.jpg,261,193,raccoon,107,10,249,166
PennPed00075.png,368,322,person,249,16,335,314
raccoon-103.jpg,480,640,raccoon,92,54,460,545
raccoon-101.jpg,640,426,raccoon,86,53,400,356
raccoon-84.jpg,303,166,raccoon,31,6,197,163
raccoon-70.jpg,500,375,raccoon,60,4,421,369
succulent_plant_fake_plant.jpg,384,256,potted plant,71,104,179,213
succulent_plant_fake_plant.jpg,384,256,potted plant,153,123,313,238
FudanPed00009.png,465,441,person,163,116,295,404
FudanPed00009.png,465,441,person,327,135,448,427
raccoon-166.jpg,328,154,raccoon,108,31,208,120
Mihai Bojin flickr3.jpg,400,320,squirrel,194,201,218,239
IMG_20210116_105909.jpg,700,700,one,212,531,261,591
IMG_20210116_105909.jpg,700,700,potted plant,159,129,274,215
IMG_20210116_105909.jpg,700,700,potted plant,20,148,122,222
Jocelyn Kinghorn flickr1 plant.jpg,400,268,potted plant,35,2,372,268
Alex O'Neal flickr6.jpg,400,300,squirrel,269,130,337,247
plant_potted_flower_gardening.jpg,171,256,potted plant,9,140,98,219
3j.jpg,650,650,three,351,438,417,491
IMG_20210116_103515.jpg,700,700,zero,281,393,411,517
pexels-markus-spiske-6131605.jpg,700,700,two,149,200,330,465
pexels-markus-spiske-6131605.jpg,700,700,zero,350,198,530,459
IMG_20210116_105534.jpg,700,700,three,203,578,284,648
IMG_20210116_105534.jpg,700,700,potted plant,412,106,518,174
IMG_20210116_105534.jpg,700,700,potted plant,443,157,628,281
sq_3.jpg,1006,707,squirrel,239,234,599,507
cristina sanvito flickr1 plant.jpg,278,400,potted plant,59,186,207,336
succulents_garden_vegetation_plant.jpg,240,256,potted plant,1,107,157,240
succulents_garden_vegetation_plant.jpg,240,256,potted plant,39,62,130,95
plant_pot_flower_growth.jpg,455,256,potted plant,160,108,276,182
IMG_20210116_104440.jpg,700,700,three,189,470,255,508
PennPed00036.png,694,370,person,86,54,163,326
PennPed00036.png,694,370,person,522,41,636,342
new_year_s_day_27.jpg,700,700,two,95,314,255,561
new_year_s_day_27.jpg,700,700,zero,267,242,422,499
new_year_s_day_27.jpg,700,700,one,435,208,510,470
PennPed00054.png,324,334,person,33,19,140,315
potted_plant_plants_flowerpot.jpg,342,256,potted plant,88,98,277,220
clover_potted_plant_garden.jpg,700,700,potted plant,175,298,479,537
raccoon-65.jpg,480,360,raccoon,123,27,338,284
raccoon-114.jpg,625,418,raccoon,242,35,523,264
daryl_mitchell flickr2 plant.jpg,300,400,potted plant,65,182,236,318
Eugene Kim flickr1 plant.jpg,400,300,potted plant,88,102,342,300
Jason Peper flickr3.jpg,400,267,squirrel,182,108,284,149
0b_2.jpg,650,650,zero,298,331,386,391
0b_2.jpg,650,650,two,607,240,650,271
PennPed00068.png,603,387,person,59,89,166,373
PennPed00068.png,603,387,person,165,45,283,351
PennPed00068.png,603,387,person,379,39,453,221
PennPed00068.png,603,387,person,468,21,574,335
raccoon-13.jpg,660,495,raccoon,55,28,393,313
Sharon_k flickr1 plant.jpg,266,400,potted plant,48,244,120,305
Sharon_k flickr1 plant.jpg,266,400,potted plant,148,234,225,308
Sharon_k flickr1 plant.jpg,266,400,potted plant,95,318,129,358
raccoon-58.jpg,224,225,raccoon,2,1,199,221
IMG_20210116_105251.jpg,700,700,one,215,308,237,328
PennPed00062.png,396,315,person,2,39,37,220
PennPed00062.png,396,315,person,87,15,169,307
PennPed00062.png,396,315,person,185,31,271,306
PennPed00062.png,396,315,person,260,53,309,209
PennPed00062.png,396,315,person,321,56,368,228
raccoon-31.jpg,236,214,raccoon,82,21,187,197
raccoon-31.jpg,236,214,raccoon,11,55,80,145
FudanPed00005.png,335,344,person,186,66,324,339
FudanPed00005.png,335,344,person,3,48,48,163
Garden Grrrl flickr1 plant.jpg,300,400,potted plant,47,197,235,317
Garden Grrrl flickr1 plant.jpg,300,400,potted plant,239,179,300,285
likeaduck flickr7.jpg,400,266,squirrel,235,76,346,264
IMG_20210120_114852.jpg,700,700,two,197,515,242,541
IMG_20210120_114852.jpg,700,700,one,300,604,343,639
raccoon-98.jpg,480,360,raccoon,108,31,351,308
PennPed00074.png,442,332,person,157,37,203,276
PennPed00074.png,442,332,person,214,20,278,289
PennPed00074.png,442,332,person,310,24,402,322
pexels-mat-brown-899318.jpg,700,700,zero,312,442,374,524
pexels-mat-brown-899318.jpg,700,700,zero,436,443,498,525
pexels-mat-brown-899318.jpg,700,700,zero,544,419,661,574
FudanPed00053.png,541,580,person,91,168,181,434
FudanPed00053.png,541,580,person,389,130,495,434
FudanPed00014.png,456,383,person,270,85,340,369
FudanPed00014.png,456,383,person,331,81,428,346
IMG_20210116_102936.jpg,700,700,three,407,407,463,436
raccoon-91.jpg,236,314,raccoon,22,14,216,308
IMG_20210120_133822.jpg,700,700,zero,348,554,415,613
IMG_20210120_133822.jpg,700,700,potted plant,561,104,602,144
IMG_20210120_133822.jpg,700,700,potted plant,593,95,682,151
raccoon-21.jpg,290,174,raccoon,59,2,216,171
IMG_20210116_103201.jpg,700,700,zero,280,603,358,646
PennPed00051.png,723,411,person,64,40,173,338
PennPed00051.png,723,411,person,343,66,458,381
PennPed00051.png,723,411,person,344,10,447,158
PennPed00051.png,723,411,person,452,23,538,364
PennPed00051.png,723,411,person,551,55,641,355
IMG_20210116_110619.jpg,700,700,zero,363,622,443,679
IMG_20210116_110619.jpg,700,700,potted plant,494,172,533,209
IMG_20210116_110619.jpg,700,700,potted plant,597,172,654,237
IMG_20210116_110619.jpg,700,700,potted plant,531,172,576,208
IMG_20210116_110619.jpg,700,700,potted plant,656,139,700,208
PennPed00094.png,422,349,person,142,20,252,322
raccoon-56.jpg,240,210,raccoon,20,6,224,201
Rennett Stowe flickr1 plant.jpg,400,267,potted plant,50,125,221,244
PennPed00055.png,417,353,person,92,48,208,345
PennPed00055.png,417,353,person,48,8,138,289
decor8 holly flickr1 plant.jpg,397,400,potted plant,182,206,265,332
potted_plants_fresh_party_0.jpg,341,512,potted plant,69,240,304,393
IMG_20210120_133521.jpg,700,700,one,271,572,312,628
IMG_20210120_133521.jpg,700,700,potted plant,634,114,700,195
raccoon-7.jpg,410,308,raccoon,92,79,271,264
ProFlowers flickr1 plant.jpg,280,399,potted plant,119,283,177,335
PennPed00029.png,672,418,person,120,64,203,369
PennPed00029.png,672,418,person,260,97,348,394
PennPed00029.png,672,418,person,365,96,465,404
PennPed00029.png,672,418,person,495,97,578,394
pexels-ekaterina-belinskaya-4744711.jpg,700,700,one,171,225,212,273
pexels-ekaterina-belinskaya-4744711.jpg,700,700,two,274,242,305,267
pexels-ekaterina-belinskaya-4744711.jpg,700,700,zero,276,428,305,457
pexels-ekaterina-belinskaya-4744711.jpg,700,700,three,369,239,402,267
raccoon-121.jpg,600,399,raccoon,55,34,416,377
blumenstock_flowerpot_potted_plant.jpg,700,700,potted plant,232,392,454,607
Sheila Rosamond flickr3.jpg,299,400,squirrel,93,111,254,260
PennPed00066.png,428,375,person,49,73,120,368
PennPed00066.png,428,375,person,90,27,175,354
PennPed00066.png,428,375,person,307,20,383,327
pexels-sevenstorm-juhaszimrus-704767.jpg,700,700,one,102,164,171,285
pexels-sevenstorm-juhaszimrus-704767.jpg,700,700,three,278,147,351,274
pexels-sevenstorm-juhaszimrus-704767.jpg,700,700,two,191,153,266,277
raccoon-11.jpg,660,432,raccoon,3,1,461,431
IMG_20210116_110329.jpg,700,700,one,320,431,362,458
Kevin Arscott flickr1.jpg,400,266,squirrel,1,81,272,222
raccoon-90.jpg,640,426,raccoon,44,90,577,426
squirrel_park_squirrels_nature.jpg,454,256,squirrel,160,1,256,175
IMG_20210116_110528.jpg,700,700,three,325,620,395,683
Jason Peper flickr4.jpg,400,267,squirrel,186,28,318,162
FudanPed00007.png,539,381,person,106,68,227,349
FudanPed00007.png,539,381,person,309,101,351,192
FudanPed00007.png,539,381,person,344,101,367,179
FudanPed00007.png,539,381,person,406,77,476,380
FudanPed00007.png,539,381,person,447,63,530,370
fleshy_in_this_clay.jpg,700,700,potted plant,143,138,508,345
fusion-of-horizons flickr1 plant.jpg,400,300,potted plant,161,156,243,249
fusion-of-horizons flickr1 plant.jpg,400,300,potted plant,129,219,157,236
fusion-of-horizons flickr1 plant.jpg,400,300,potted plant,292,96,303,109
fusion-of-horizons flickr1 plant.jpg,400,300,potted plant,90,87,103,101
fusion-of-horizons flickr1 plant.jpg,400,300,potted plant,207,92,217,104
PennPed00092.png,600,447,person,143,71,293,442
PennPed00092.png,600,447,person,322,84,458,402
PennPed00092.png,600,447,person,17,246,60,298
PennPed00044.png,483,335,person,72,24,163,335
PennPed00044.png,483,335,person,146,53,184,300
PennPed00044.png,483,335,person,182,69,225,196
PennPed00044.png,483,335,person,209,54,250,198
PennPed00044.png,483,335,person,252,50,326,286
PennPed00044.png,483,335,person,328,43,405,277
Kalle Scharlund flickr2 plant.jpg,400,300,potted plant,26,66,352,258
Ken Gibson flickr1.jpg,400,300,squirrel,24,56,359,256
PennPed00085.png,403,341,person,88,23,186,314
PennPed00085.png,403,341,person,253,33,358,327
pexels-craige-mcgonigle-3836543.jpg,640,426,squirrel,196,231,302,318
raccoon-123.jpg,640,406,raccoon,280,42,550,392
math_number_school_symbol.jpg,700,700,one,1,312,97,406
math_number_school_symbol.jpg,700,700,one,135,184,223,252
math_number_school_symbol.jpg,700,700,two,264,36,359,120
math_number_school_symbol.jpg,700,700,three,346,350,433,440
math_number_school_symbol.jpg,700,700,three,214,518,332,657
Valerie Everett flickr3 plant.jpg,267,400,potted plant,31,110,232,293
raccoon-199.jpg,640,428,raccoon,28,64,530,402
succulents_wall_thickness_plant.jpg,387,256,potted plant,1,32,386,256
Tim Green flickr1.jpg,400,286,squirrel,103,17,376,248
IMG_20210120_133618.jpg,700,700,three,302,277,374,323
squirrel_tree_squirrel_peanut.jpg,384,512,squirrel,67,62,298,512
FudanPed00036.png,1017,444,person,174,86,264,394
FudanPed00036.png,1017,444,person,247,121,304,375
FudanPed00036.png,1017,444,person,285,111,346,360
FudanPed00036.png,1017,444,person,719,134,791,362
FudanPed00036.png,1017,444,person,834,127,935,380
raccoon-152.jpg,275,183,raccoon,41,60,223,155
IMG_20210114_180755.jpg,400,533,two,292,402,338,450
squirrel_forest_tree_845125.jpg,384,256,squirrel,82,54,276,193
orchid_at_home_potted.jpg,700,700,potted plant,174,293,556,531
caleb-martin-Tk71SYS8UBY-unsplash.jpg,640,427,squirrel,280,97,595,351
Kahunapule Michael John flickr1 plant.jpg,400,246,potted plant,36,68,308,246
raccoon-88.jpg,640,480,raccoon,116,41,526,436
squirrel_new_york_central.jpg,342,256,squirrel,1,99,237,203
sq_4.jpg,804,588,squirrel,324,260,533,457
pexels-andretti-brown-5716254.jpg,700,700,one,271,131,312,200
pexels-andretti-brown-5716254.jpg,700,700,two,264,321,318,387
pexels-andretti-brown-5716254.jpg,700,700,three,274,515,319,577
pexels-andretti-brown-5716254.jpg,700,700,two,369,133,399,190
pexels-andretti-brown-5716254.jpg,700,700,two,443,133,473,190
pexels-andretti-brown-5716254.jpg,700,700,two,375,324,405,381
pexels-andretti-brown-5716254.jpg,700,700,two,371,519,401,576
pexels-andretti-brown-5716254.jpg,700,700,zero,427,326,451,381
pexels-andretti-brown-5716254.jpg,700,700,zero,419,519,443,574
pexels-andretti-brown-5716254.jpg,700,700,zero,417,134,441,189
raccoon-135.jpg,640,426,raccoon,99,8,605,404
el cajon yacht club flickr1 plant.jpg,400,300,potted plant,120,82,259,204
squirrel_animal_possierlich_nature.jpg,342,256,squirrel,60,78,224,256
FudanPed00033.png,396,357,person,204,52,297,347
FudanPed00033.png,396,357,person,330,77,379,244
raccoon-78.jpg,223,226,raccoon,28,15,221,216
chelsey-faucher-vW_1Cu3GaRg-unsplash.jpg,640,426,squirrel,42,4,459,315
David Ashleydale flickr4.jpg,400,300,squirrel,41,117,314,240
IMG_20210120_133555.jpg,700,700,two,46,628,125,682
raccoon-149.jpg,500,375,raccoon,132,50,305,246
PennPed00056.png,618,420,person,121,107,195,389
PennPed00056.png,618,420,person,177,95,262,379
PennPed00056.png,618,420,person,232,93,266,196
PennPed00056.png,618,420,person,243,74,321,398
IMG_20210116_105755.jpg,700,700,two,97,436,186,488
IMG_20210116_105755.jpg,700,700,potted plant,279,1,390,52
squirrel_nature_garden_creature.jpg,387,256,squirrel,165,105,358,197
Alex D Stewart flickr1 plant.jpg,399,265,potted plant,44,151,127,231
Alex D Stewart flickr1 plant.jpg,399,265,potted plant,224,103,377,226
Alex D Stewart flickr1 plant.jpg,399,265,potted plant,135,31,238,89
measurement_tape_measure_number.jpg,700,700,one,79,339,123,440
measurement_tape_measure_number.jpg,700,700,two,316,341,393,446
measurement_tape_measure_number.jpg,700,700,three,582,345,660,447
raccoon-6.jpg,480,360,raccoon,1,44,307,316
PennPed00035.png,623,353,person,140,26,192,317
PennPed00035.png,623,353,person,183,27,276,352
PennPed00035.png,623,353,person,437,44,524,334
PennPed00035.png,623,353,person,604,4,622,129
prettytypewriters flickr1 plant.jpg,400,300,potted plant,1,58,180,152
prettytypewriters flickr1 plant.jpg,400,300,potted plant,1,194,238,300
Jocelyn Durston flickr1 plant.jpg,300,400,potted plant,82,215,213,327
raccoon-76.jpg,225,225,raccoon,14,1,212,132
FudanPed00041.png,552,507,person,48,192,103,397
FudanPed00041.png,552,507,person,7,147,62,507
FudanPed00041.png,552,507,person,276,175,351,461
FudanPed00041.png,552,507,person,355,162,431,444
FudanPed00041.png,552,507,person,391,148,450,387
raccoon-119.jpg,400,533,raccoon,16,62,362,353
raccoon-119.jpg,400,533,raccoon,211,359,277,402
raccoon-119.jpg,400,533,raccoon,198,392,280,473
raccoon-49.jpg,640,395,raccoon,162,36,611,395
PennPed00061.png,314,320,person,39,11,134,308
PennPed00061.png,314,320,person,244,54,278,147
raccoon-33.jpg,602,843,raccoon,89,12,593,843
raccoon-75.jpg,640,640,raccoon,1,1,640,459
PennPed00071.png,767,379,person,66,23,154,366
PennPed00071.png,767,379,person,295,36,380,311
PennPed00071.png,767,379,person,473,18,570,297
PennPed00071.png,767,379,person,564,47,617,184
PennPed00071.png,767,379,person,618,11,708,317
PennPed00071.png,767,379,person,704,38,747,180
squirrel_leaves_cute_animal.jpg,384,256,squirrel,157,80,218,198
Nadja Varga flickr 1 plant.jpg,400,300,potted plant,2,190,62,242
Nadja Varga flickr 1 plant.jpg,400,300,potted plant,159,148,256,229
raccoon-183.jpg,2000,1333,raccoon,358,21,1354,1119
potted_plant_flowers_abstract.jpg,386,256,potted plant,39,40,167,120
potted_plant_flowers_abstract.jpg,386,256,potted plant,129,119,258,211
potted_plant_flowers_abstract.jpg,386,256,potted plant,291,54,386,131
raccoon-20.jpg,720,540,raccoon,2,29,720,503
4649956082_d88d1fa8e8_w.jpg,400,300,potted plant,122,176,302,300
green_plants_leaves_potted.jpg,700,700,potted plant,371,419,693,700
squirrel_cute_brown_white.jpg,384,256,squirrel,159,71,283,210
squirrel_park_tree_green.jpg,342,256,squirrel,108,89,154,120
IMG_20210120_115039.jpg,700,700,three,277,510,330,574
IMG_20210120_115039.jpg,700,700,two,482,467,537,534
Vanerpaddel flickr1.jpg,400,267,potted plant,160,107,290,201
squirrel_grey_animal_park.jpg,386,256,squirrel,159,17,282,179
squirrel_common_squirrel_rodent.jpg,342,256,squirrel,161,42,256,134
squirrel_park_wildlife_animal.jpg,384,256,squirrel,81,192,150,217
raccoon-153.jpg,700,700,raccoon,10,1,612,700
IMG_20210116_104751.jpg,700,700,potted plant,98,302,351,420
IMG_20210116_104751.jpg,700,700,potted plant,361,287,576,382
IMG_20210116_104751.jpg,700,700,zero,244,626,309,675
raccoon-36.jpg,640,428,raccoon,113,27,468,428
IMG_20210120_114544.jpg,700,700,two,552,531,635,595
IMG_20210120_133421.jpg,700,700,zero,338,575,402,630
IMG_20210120_133421.jpg,700,700,potted plant,648,179,700,228
PennPed00023.png,536,382,person,134,61,225,340
PennPed00023.png,536,382,person,237,147,290,217
PennPed00023.png,536,382,person,327,133,375,214
raccoon-167.jpg,259,195,raccoon,1,5,175,195
raccoon-81.jpg,600,450,raccoon,4,54,574,410
FudanPed00022.png,536,465,person,105,169,205,446
FudanPed00022.png,536,465,person,307,202,358,325
FudanPed00022.png,536,465,person,411,164,502,446
FudanPed00022.png,536,465,person,2,148,73,455
Dion Hinchcliffe flickr2 plant.jpg,400,375,potted plant,63,269,210,367
Dion Hinchcliffe flickr2 plant.jpg,400,375,potted plant,176,195,265,246
raccoon-87.jpg,256,197,raccoon,1,3,206,191
FudanPed00034.png,309,351,person,163,36,240,327
Patrick Standish flickr2 plant.jpg,267,400,potted plant,49,132,199,293
Patrick Standish flickr2 plant.jpg,267,400,potted plant,177,1,256,73
Alex O'Neal flickr8.jpg,400,300,squirrel,87,130,255,224
squirrel_animal_sciuridae_rodent.jpg,448,256,squirrel,7,88,257,215
raccoon-139.jpg,259,194,raccoon,20,6,177,167
normanack flickr1.jpg,267,400,potted plant,45,155,234,309
Dominic Alves flickr8.jpg,400,258,squirrel,30,3,379,238
IMG_20210120_121906.jpg,700,700,zero,447,331,559,378
USDA NRCS Montana flickr1 plant.jpg,261,400,potted plant,72,194,215,343
Patrick Standish flickr4 plant.jpg,400,300,potted plant,20,72,332,300
raccoon-178.jpg,275,183,raccoon,59,12,242,180
IMG_20210120_100243.jpg,700,700,zero,343,537,389,559
raccoon-190.jpg,259,194,raccoon,78,54,153,135
squirrel_crunch_forest_nature.jpg,340,256,squirrel,129,59,222,180
FudanPed00050.png,580,516,person,25,195,133,489
FudanPed00050.png,580,516,person,286,194,357,423
PennPed00081.png,561,387,person,157,82,229,361
PennPed00081.png,561,387,person,234,45,319,361
PennPed00081.png,561,387,person,346,66,443,363
IMG_20210116_104236.jpg,700,700,two,276,593,360,642
PennPed00031.png,487,340,person,290,46,384,323
FudanPed00025.png,425,369,person,49,87,97,259
FudanPed00025.png,425,369,person,116,72,148,246
FudanPed00025.png,425,369,person,145,68,185,252
FudanPed00025.png,425,369,person,187,53,223,248
FudanPed00025.png,425,369,person,228,57,257,262
FudanPed00025.png,425,369,person,263,75,328,360
FudanPed00025.png,425,369,person,315,61,385,275
IMG_20210120_100311.jpg,700,700,two,173,576,229,607
raccoon-157.jpg,220,229,raccoon,1,1,144,209
Dominic Alves flickr3.jpg,400,243,squirrel,14,31,364,203
Kai Schreiber flickr 4 sq_2_hum.jpg,400,267,squirrel,192,128,229,153
Kai Schreiber flickr 4 sq_2_hum.jpg,400,267,squirrel,83,141,123,164
Kai Schreiber flickr 4 sq_2_hum.jpg,400,267,person,230,7,325,266
likeaduck flickr8.jpg,400,266,squirrel,138,49,346,253
PennPed00034.png,538,422,person,322,61,404,355
PennPed00034.png,538,422,person,392,57,503,358
PennPed00034.png,538,422,person,194,57,295,380
PennPed00034.png,538,422,person,131,49,252,392
herb_in_wooden_box.jpg,700,700,potted plant,203,426,510,579
FudanPed00024.png,479,378,person,127,91,225,357
IMG_20210120_121831.jpg,700,700,zero,156,454,228,505
sarah-halliday-O5o8tXtgzGg-unsplash.jpg,640,427,squirrel,259,153,338,295
pexels-justus-menke-5213933.jpg,700,700,three,159,223,489,547
raccoon-18.jpg,240,156,raccoon,32,25,201,130
sq_1.jpg,1095,725,squirrel,477,287,611,404
PennPed00037.png,366,318,person,236,18,324,304
the_fleshy_plant_potted_0.jpg,172,256,potted plant,33,149,172,255
succulent_plant_gardening_803008.jpg,384,256,potted plant,121,93,336,215
PennPed00060.png,505,351,person,44,19,123,328
PennPed00060.png,505,351,person,197,12,261,217
PennPed00060.png,505,351,person,286,83,378,333
PennPed00060.png,505,351,person,379,28,483,333
PennPed00060.png,505,351,person,111,24,177,228
PennPed00060.png,505,351,person,153,21,192,80
IMG_20210116_105240.jpg,700,700,zero,267,525,324,560
IMG_20210116_105240.jpg,700,700,potted plant,605,175,696,253
hardworkinghippy La Fer flickr1 plant.jpg,303,400,potted plant,32,129,262,301
hardworkinghippy La Fer flickr1 plant.jpg,303,400,potted plant,107,1,159,44
raccoon-187.jpg,362,357,raccoon,161,112,292,276
Sheila Rosamond flickr1.jpg,300,400,squirrel,73,162,148,254
squirrel_park_autumn_animals.jpg,384,256,squirrel,155,20,363,252
brillianthues flickr1 plant.jpg,400,225,potted plant,87,83,205,195
brillianthues flickr1 plant.jpg,400,225,potted plant,209,111,327,189
brillianthues flickr1 plant.jpg,400,225,potted plant,1,88,55,170
brillianthues flickr1 plant.jpg,400,225,potted plant,304,91,388,158
brillianthues flickr1 plant.jpg,400,225,potted plant,22,71,102,143
brillianthues flickr1 plant.jpg,400,225,potted plant,361,81,400,176
raccoon-150.jpg,275,183,raccoon,80,62,187,169
IMG_20210116_103602.jpg,700,700,two,205,343,351,472
IMG_20210116_103539.jpg,700,700,three,307,363,489,507
Julie Gibbons flickr1.jpg,400,300,squirrel,118,5,327,293
pexels-markus-winkler-4057662.jpg,749,715,two,436,489,494,563
pexels-markus-winkler-4057662.jpg,749,715,zero,499,464,550,536
pexels-markus-winkler-4057662.jpg,749,715,zero,615,415,666,487
pexels-markus-winkler-4057662.jpg,749,715,three,556,439,610,514
FudanPed00017.png,266,342,person,114,48,161,293
FudanPed00017.png,266,342,person,150,51,248,325
sq_5.jpg,913,696,squirrel,55,89,636,630
raccoon-179.jpg,600,450,raccoon,1,176,270,427
raccoon-171.jpg,224,225,raccoon,108,21,180,115
Keith Fahlgren flickr1 plant.jpg,267,400,potted plant,70,220,261,359
1b.jpg,650,650,one,321,472,382,526
IMG_20210116_103257.jpg,700,700,two,328,594,399,638
David Ashleydale flickr2 sq_cat.jpg,300,400,squirrel,157,99,186,142
raccoon-17.jpg,259,194,raccoon,95,60,167,118
IMG_20210116_105633.jpg,700,700,zero,256,625,318,676
IMG_20210116_105633.jpg,700,700,potted plant,580,152,700,262
Nadja Varga flickr1.jpg,400,308,potted plant,109,102,219,218
IMG_20210120_114803.jpg,700,700,zero,429,420,489,447
IMG_20210120_114803.jpg,700,700,three,582,500,630,538
photo_cafe_atmosphere_color.jpg,386,256,potted plant,92,77,160,134
photo_cafe_atmosphere_color.jpg,386,256,potted plant,6,89,84,135
raccoon-155.jpg,259,194,raccoon,46,91,143,169
digits_pay_123_1.jpg,700,700,one,93,400,294,628
digits_pay_123_1.jpg,700,700,two,323,175,474,559
digits_pay_123_1.jpg,700,700,three,545,177,687,554
PennPed00087.png,325,343,person,22,9,119,324
raccoon-64.jpg,259,194,raccoon,1,1,247,194
FudanPed00059.png,576,369,person,26,50,136,336
FudanPed00059.png,576,369,person,169,42,251,326
FudanPed00059.png,576,369,person,275,39,359,338
pexels-markus-winkler-4097125.jpg,700,700,one,199,229,234,263
pexels-markus-winkler-4097125.jpg,700,700,two,287,136,321,171
pexels-markus-winkler-4097125.jpg,700,700,three,373,49,409,83
PennPed00079.png,357,337,person,211,24,310,313
squirrel_1_0.jpg,342,256,squirrel,111,61,191,170
IMG_20210114_180717.jpg,400,300,two,164,145,226,213
raccoon-180.jpg,600,400,raccoon,119,21,368,399
IMG_20210120_100838.jpg,700,700,three,553,606,633,669
IMG_20210120_114559.jpg,700,700,three,538,467,602,517
PennPed00091.png,372,324,person,235,18,335,321
squirrel_squirrels_wildlife_animal.jpg,342,256,squirrel,10,51,258,229
raccoon-136.jpg,256,197,raccoon,51,24,198,192
Chris Martin flickr1 plant.jpg,300,400,potted plant,37,111,261,314
raccoon-25.jpg,634,641,raccoon,31,82,325,641
FudanPed00038.png,422,346,person,273,42,357,329
raccoon-39.jpg,250,172,raccoon,54,12,250,166
IMG_20210116_103217.jpg,700,700,zero,215,627,298,672
Jonas Bengtsson flickr1.jpg,400,267,squirrel,48,46,318,236
raccoon-96.jpg,230,219,raccoon,28,25,203,175
flowers_pots_patio_potted.jpg,700,700,potted plant,13,203,248,363
flowers_pots_patio_potted.jpg,700,700,potted plant,295,205,456,325
flowers_pots_patio_potted.jpg,700,700,potted plant,448,250,690,453
squirrel_animal_possierlich_nature_0.jpg,342,256,squirrel,119,126,138,185
squirrel_animal_possierlich_nature_0.jpg,342,256,squirrel,201,110,218,153
IMG_20210120_100806.jpg,700,700,two,439,589,517,646
raccoon-83.jpg,660,371,raccoon,104,3,509,369
raccoon-142.jpg,1024,768,raccoon,171,162,811,740
squirrel_rodent_animal_wildlife.jpg,342,256,squirrel,46,88,190,173
Mihai Bojin flickr4.jpg,400,320,squirrel,181,156,218,205
FudanPed00054.png,533,498,person,93,128,188,422
FudanPed00054.png,533,498,person,284,111,355,338
FudanPed00054.png,533,498,person,360,107,432,333
animal_squirrel_sciurus_apple.jpg,700,700,squirrel,80,106,648,513
animal_squirrel_sciurus_apple.jpg,700,700,potted plant,59,203,553,595
pixelsniper flickr1 plant.jpg,400,296,potted plant,114,103,279,184
pixelsniper flickr1 plant.jpg,400,296,potted plant,47,117,157,200
pixelsniper flickr1 plant.jpg,400,296,potted plant,310,122,400,192
IMG_20210120_100442.jpg,700,700,three,224,550,290,598
FudanPed00006.png,385,426,person,27,90,103,377
FudanPed00006.png,385,426,person,2,90,67,388
FudanPed00006.png,385,426,person,236,106,342,390
FudanPed00006.png,385,426,person,256,87,355,370
Dave Matos flickr1 plant.jpg,300,400,potted plant,2,136,271,344
Raymond Shobe flickr1 plant.jpg,400,300,potted plant,127,126,234,225
PennPed00057.png,371,364,person,165,62,232,349
PennPed00057.png,371,364,person,191,15,256,267
PennPed00095.png,512,375,person,196,39,300,340
PennPed00095.png,512,375,person,322,54,418,342
IMG_20210116_104205.jpg,700,700,zero,500,533,567,573
PennPed00052.png,682,525,person,64,126,171,441
PennPed00052.png,682,525,person,170,174,294,483
PennPed00052.png,682,525,person,282,172,352,319
PennPed00052.png,682,525,person,376,139,507,438
PennPed00052.png,682,525,person,523,60,630,394
IMG_20210120_115441.jpg,700,700,two,29,346,69,370
IMG_20210120_115441.jpg,700,700,zero,53,443,105,475
IMG_20210120_115441.jpg,700,700,one,563,377,602,436
IMG_20210120_115441.jpg,700,700,two,371,599,450,662
FudanPed00015.png,336,349,person,46,48,136,328
FudanPed00015.png,336,349,person,2,50,41,150
FudanPed00015.png,336,349,person,119,38,154,128
FudanPed00015.png,336,349,person,219,48,246,85
raccoon-86.jpg,600,401,raccoon,129,34,475,401
raccoon-26.jpg,306,374,raccoon,114,5,306,337
FudanPed00012.png,468,384,person,159,64,305,362
FudanPed00012.png,468,384,person,330,56,453,330
FudanPed00008.png,388,454,person,229,155,372,440
FudanPed00008.png,388,454,person,33,177,116,371
FudanPed00008.png,388,454,person,2,177,40,380
raccoon-170.jpg,259,194,raccoon,53,27,254,173
raccoon-93.jpg,251,201,raccoon,66,29,233,190
raccoon-115.jpg,426,640,raccoon,51,130,351,556
raccoon-198.jpg,259,194,raccoon,57,21,158,184
raccoon-198.jpg,259,194,raccoon,112,32,199,158
PennPed00028.png,416,368,person,259,48,322,324
PennPed00028.png,416,368,person,222,59,270,336
calendar_date_time_month.jpg,700,700,one,79,8,259,90
calendar_date_time_month.jpg,700,700,two,331,98,573,218
calendar_date_time_month.jpg,700,700,one,335,431,617,600
calendar_date_time_month.jpg,700,700,zero,510,511,700,700
Patrick Nouhailler flickr1.jpg,400,300,potted plant,24,144,156,237
Patrick Nouhailler flickr1.jpg,400,300,potted plant,162,140,265,213
Patrick Nouhailler flickr1.jpg,400,300,potted plant,259,121,344,198
squirrel_squirrel_eating_animal.jpg,342,256,squirrel,96,19,286,249
3e.jpg,650,650,three,296,522,367,569
Patrick Standish flickr1 plant.jpg,400,300,potted plant,19,83,329,300
license_plate_monaco_auto.jpg,768,1024,two,228,539,282,604
license_plate_monaco_auto.jpg,768,1024,zero,288,539,340,602
license_plate_monaco_auto.jpg,768,1024,one,349,535,387,604
license_plate_monaco_auto.jpg,768,1024,three,407,535,460,604
flower_big_pot.jpg,700,700,potted plant,111,487,615,604
pexels-free-nature-stock-1092199.jpg,640,426,squirrel,243,149,422,256
Maja Dumat flickr1 plant.jpg,285,399,potted plant,10,162,170,360
Dippy Daloo flickr1 plant.jpg,300,400,potted plant,100,127,236,226
mailbox_number_twenty_white.jpg,700,700,two,302,317,346,404
mailbox_number_twenty_white.jpg,700,700,zero,348,326,393,415
I am R flikr1.jpg,400,300,potted plant,97,123,202,209
I am R flikr1.jpg,400,300,potted plant,206,147,328,255
IMG_20210116_110600.jpg,700,700,two,487,618,569,676
IMG_20210116_110600.jpg,700,700,potted plant,572,226,596,247
IMG_20210116_110600.jpg,700,700,potted plant,600,223,628,249
IMG_20210116_110600.jpg,700,700,potted plant,653,239,700,274
IMG_20210116_110600.jpg,700,700,potted plant,633,221,664,249
IMG_20210116_110600.jpg,700,700,potted plant,665,205,700,232
raccoon-42.jpg,577,1024,raccoon,121,206,410,767
PennPed00045.png,692,395,person,65,53,208,363
PennPed00045.png,692,395,person,227,53,320,353
PennPed00045.png,692,395,person,311,58,428,345
PennPed00045.png,692,395,person,419,60,488,216
PennPed00045.png,692,395,person,478,48,543,202
PennPed00045.png,692,395,person,531,39,635,360
squirrel_tree_branch_nature.jpg,342,256,squirrel,91,61,246,200
FudanPed00039.png,493,487,person,126,132,193,319
FudanPed00039.png,493,487,person,225,135,312,404
ProFlowers flickr2 plant.jpg,342,399,potted plant,96,203,187,298
daryl_mitchell flickr1 plant.jpg,300,400,potted plant,46,168,246,369
PennPed00063.png,427,350,person,146,47,223,340
PennPed00063.png,427,350,person,175,13,249,278
PennPed00063.png,427,350,person,65,70,110,193
Andrea_44 flickr1 plant.jpg,400,300,potted plant,1,35,253,297
FudanPed00023.png,376,378,person,219,85,338,365
FudanPed00046.png,567,438,person,443,104,503,313
FudanPed00046.png,567,438,person,177,137,267,410
FudanPed00046.png,567,438,person,298,117,377,339
FudanPed00046.png,567,438,person,238,121,314,356
FudanPed00046.png,567,438,person,518,115,567,263
raccoon-161.jpg,500,347,raccoon,209,73,385,186
FudanPed00047.png,472,520,person,34,190,85,430
FudanPed00047.png,472,520,person,87,203,151,370
FudanPed00047.png,472,520,person,281,202,359,474
FudanPed00047.png,472,520,person,390,183,433,298
FudanPed00047.png,472,520,person,437,172,472,330
FudanPed00047.png,472,520,person,138,203,218,480
FudanPed00047.png,472,520,person,224,192,294,374
2e.jpg,650,650,two,324,507,387,548
FudanPed00001.png,559,536,person,138,161,328,467
FudanPed00001.png,559,536,person,359,159,547,502
succulents_flowers_yellow_pot.jpg,378,256,potted plant,86,95,295,224
paolo-nicolello-CC_gRlLbhwg-unsplash.jpg,640,417,squirrel,242,147,366,303
Jim the Photographer flickr1 plant squirrel.jpg,400,267,potted plant,1,90,79,156
Jim the Photographer flickr1 plant squirrel.jpg,400,267,squirrel,137,52,223,117
IMG_20210116_104732.jpg,700,700,two,173,598,242,643
IMG_20210116_104732.jpg,700,700,potted plant,102,267,379,366
IMG_20210116_104732.jpg,700,700,potted plant,1,242,64,343
PennPed00082.png,398,321,person,127,20,223,310
raccoon-82.jpg,750,500,raccoon,6,1,632,500
sq_22.jpg,571,378,squirrel,299,185,547,311
Andrew and Annemarie flickr1 plant.jpg,400,266,potted plant,66,26,227,169
Andrew and Annemarie flickr1 plant.jpg,400,266,potted plant,246,9,353,81
raccoon-113.jpg,640,480,raccoon,1,1,384,436
IMG_20210116_170504.jpg,700,700,two,135,436,189,467
IMG_20210116_170504.jpg,700,700,three,166,540,230,593
IMG_20210116_170504.jpg,700,700,zero,327,506,381,546
IMG_20210116_170504.jpg,700,700,one,528,552,562,594
IMG_20210120_115811.jpg,700,700,three,399,559,477,623
IMG_20210120_115811.jpg,700,700,potted plant,456,372,669,534
PennPed00027.png,492,391,person,134,94,195,369
PennPed00027.png,492,391,person,212,82,320,367
PennPed00027.png,492,391,person,347,85,419,339
PennPed00027.png,492,391,person,117,62,166,272
FudanPed00043.png,493,518,person,72,145,142,434
FudanPed00043.png,493,518,person,161,142,228,446
FudanPed00043.png,493,518,person,259,127,349,433
FudanPed00043.png,493,518,person,440,144,493,338
FudanPed00043.png,493,518,person,217,136,264,413
FudanPed00043.png,493,518,person,41,157,83,365
IMG_20210116_170419.jpg,700,700,three,176,581,228,626
IMG_20210116_170419.jpg,700,700,zero,476,517,520,544
IMG_20210116_170419.jpg,700,700,one,504,410,535,428
raccoon-141.jpg,249,202,raccoon,1,1,154,176
PennPed00024.png,409,384,person,84,50,171,349
raccoon-163.jpg,248,203,raccoon,6,7,240,157
potted_cactus_potted_succulants.jpg,342,256,potted plant,126,72,342,196
PennPed00047.png,500,346,person,134,46,230,335
PennPed00047.png,500,346,person,200,33,259,201
PennPed00047.png,500,346,person,265,17,351,332
PennPed00047.png,500,346,person,364,34,433,200
PennPed00047.png,500,346,person,326,28,383,211
Sassy Gardener flickr2 plant.jpg,400,300,potted plant,120,113,313,276
PennPed00025.png,450,334,person,112,34,205,305
PennPed00025.png,450,334,person,188,151,257,287
PennPed00025.png,450,334,person,388,3,422,71
Jason Peper flickr1.jpg,400,267,squirrel,169,99,297,154
pexels-connor-danylenko-3075556.jpg,640,959,squirrel,137,386,450,682
squirrel_drink_water_animal.jpg,268,256,squirrel,6,130,203,197
IMG_20210120_115734.jpg,700,700,two,369,450,466,587
IMG_20210120_115734.jpg,700,700,potted plant,243,358,520,534
FudanPed00013.png,652,498,person,377,180,535,482
IMG_20210116_105230.jpg,700,700,two,487,489,559,523
IMG_20210116_105230.jpg,700,700,potted plant,46,157,222,305
IMG_20210120_114727.jpg,700,700,three,311,539,372,593
IMG_20210120_114727.jpg,700,700,one,315,426,346,451
IMG_20210116_110256.jpg,700,700,two,376,575,446,622
Dion Hinchcliffe flickr1 plant.jpg,400,267,potted plant,84,145,161,231
Dion Hinchcliffe flickr1 plant.jpg,400,267,potted plant,34,128,85,169
Dion Hinchcliffe flickr1 plant.jpg,400,267,person,1,4,46,176
pexels-stas-knop-1537268.jpg,700,700,one,76,343,112,432
pexels-stas-knop-1537268.jpg,700,700,one,299,141,335,230
pexels-stas-knop-1537268.jpg,700,700,one,459,197,495,286
pexels-stas-knop-1537268.jpg,700,700,one,210,198,246,287
pexels-stas-knop-1537268.jpg,700,700,one,172,196,208,285
pexels-stas-knop-1537268.jpg,700,700,zero,117,337,162,431
pexels-stas-knop-1537268.jpg,700,700,two,338,149,386,234
pexels-stas-knop-1537268.jpg,700,700,two,553,342,601,427
pexels-stas-knop-1537268.jpg,700,700,three,595,531,645,621
likeaduck flickr6.jpg,400,266,squirrel,130,43,290,238
IMG_20210116_110320.jpg,700,700,one,325,339,351,353
IMG_20210116_104200.jpg,700,700,one,438,469,508,518
IMG_20210120_100634.jpg,700,700,zero,284,512,357,564
raccoon-67.jpg,272,185,raccoon,18,17,224,168
Pussreboots flickr1 plant.jpg,300,400,potted plant,8,146,251,362
raccoon-104.jpg,600,304,raccoon,189,41,340,249
raccoon-97.jpg,500,393,raccoon,1,32,343,307
FudanPed00003.png,479,445,person,278,111,468,422
PennPed00067.png,370,318,person,76,7,184,306
PennPed00067.png,370,318,person,296,64,349,133
Kalle Scharlund flickr1 plant.jpg,400,300,potted plant,109,122,273,257
David Ashleydale flickr1 sq_cat.jpg,400,300,squirrel,199,90,240,108
IMG_20210120_133632.jpg,700,700,three,146,566,223,631
hillie-chan-kKsbR_BGwlE-unsplash.jpg,640,427,squirrel,266,175,350,279
raccoon-19.jpg,259,194,raccoon,87,8,182,89
IMG_20210120_115235.jpg,700,700,one,22,377,58,421
IMG_20210120_115235.jpg,700,700,three,155,594,224,661
pexels-pixabay-219570.jpg,700,700,zero,86,190,117,305
pexels-pixabay-219570.jpg,700,700,zero,246,185,277,300
pexels-pixabay-219570.jpg,700,700,zero,433,184,464,299
pexels-pixabay-219570.jpg,700,700,zero,593,186,624,301
pexels-pixabay-219570.jpg,700,700,zero,485,413,516,528
pexels-pixabay-219570.jpg,700,700,zero,341,422,372,537
pexels-pixabay-219570.jpg,700,700,zero,198,418,229,533
pexels-pixabay-219570.jpg,700,700,zero,67,430,98,545
pexels-pixabay-219570.jpg,700,700,three,403,182,433,297
pexels-pixabay-219570.jpg,700,700,one,560,185,592,300
pexels-pixabay-219570.jpg,700,700,two,461,426,484,532
IMG_20210120_115924.jpg,700,700,three,148,454,202,498
IMG_20210120_115924.jpg,700,700,zero,297,488,349,522
IMG_20210120_115924.jpg,700,700,one,447,481,497,513
IMG_20210120_115924.jpg,700,700,three,303,598,382,667
numbers_wall_brick_school.jpg,700,700,two,405,15,523,642
numbers_wall_brick_school.jpg,700,700,three,546,77,600,459
IMG_20210116_103522.jpg,700,700,one,335,448,492,582
FudanPed00058.png,522,479,person,138,92,250,470
FudanPed00058.png,522,479,person,287,101,345,287
FudanPed00058.png,522,479,person,354,100,410,285
FudanPed00058.png,522,479,person,423,121,449,183
FudanPed00058.png,522,479,person,41,122,70,219
2a.jpg,650,650,two,308,285,384,339
Maja Dumat flickr2 plant.jpg,287,400,potted plant,78,243,191,351
IMG_20210116_104229.jpg,700,700,three,312,590,382,636
pexels-sean-patrick-1046403.jpg,700,700,one,196,256,230,435
pexels-sean-patrick-1046403.jpg,700,700,two,230,255,269,433
pexels-sean-patrick-1046403.jpg,700,700,two,329,240,368,418
pexels-sean-patrick-1046403.jpg,700,700,zero,300,260,330,419
raccoon-51.jpg,800,599,raccoon,315,105,772,540
raccoon-111.jpg,768,960,raccoon,41,5,683,917
Pablo flickr1.jpg,400,300,squirrel,61,94,245,189
pexels-markus-spiske-4040343.jpg,700,700,two,349,387,406,538
pexels-markus-spiske-4040343.jpg,700,700,zero,405,385,459,534
raccoon-117.jpg,640,448,raccoon,100,124,266,324
raccoon-117.jpg,640,448,raccoon,342,101,570,297
two_hearts_flowers.jpg,182,256,potted plant,70,116,139,170
two_hearts_flowers.jpg,182,256,potted plant,32,109,92,145
squirrel_sciuridaeanimal_56333.jpg,342,256,squirrel,81,85,228,169
1a.jpg,650,650,one,245,336,308,393
Don LaVange flickr1 plant.jpg,400,267,potted plant,35,178,260,267
pexels-chanita-sykes-1094531.jpg,640,444,squirrel,232,177,442,342
FudanPed00045.png,487,538,person,83,199,138,330
FudanPed00045.png,487,538,person,122,189,173,328
FudanPed00045.png,487,538,person,164,180,214,338
FudanPed00045.png,487,538,person,211,189,273,480
FudanPed00045.png,487,538,person,255,192,320,422
FudanPed00045.png,487,538,person,320,201,401,496
FudanPed00045.png,487,538,person,392,211,463,498
IMG_20210116_104400.jpg,700,700,zero,531,551,622,624
IMG_20210116_104400.jpg,700,700,one,412,235,443,256
FudanPed00028.png,317,345,person,41,13,130,289
FudanPed00028.png,317,345,person,211,21,279,317
gardener41 flickr1 plant squirrel.jpg,400,267,potted plant,43,115,128,179
gardener41 flickr1 plant squirrel.jpg,400,267,potted plant,137,73,237,164
gardener41 flickr1 plant squirrel.jpg,400,267,potted plant,241,55,373,144
gardener41 flickr1 plant squirrel.jpg,400,267,potted plant,338,47,400,155
gardener41 flickr1 plant squirrel.jpg,400,267,squirrel,305,155,338,214
squirrel_animal_nature_rodent.jpg,384,256,squirrel,119,14,275,200
tulips_flowers_potted_decoration.jpg,233,256,potted plant,54,134,170,214
IMG_20210116_110549.jpg,700,700,two,241,428,290,449
IMG_20210116_110549.jpg,700,700,potted plant,357,220,378,244
IMG_20210116_110549.jpg,700,700,potted plant,381,223,405,246
IMG_20210116_110549.jpg,700,700,potted plant,410,227,450,276
FudanPed00026.png,440,427,person,51,75,141,381
FudanPed00026.png,440,427,person,187,87,276,375
raccoon-94.jpg,700,467,raccoon,155,10,543,445
